{
  "Total" : {
    "transaction" : "Total",
    "sampleCount" : 4,
    "errorCount" : 0,
    "errorPct" : 0.0,
    "meanResTime" : 1122.75,
    "medianResTime" : 956.5,
    "minResTime" : 942.0,
    "maxResTime" : 1636.0,
    "pct1ResTime" : 1636.0,
    "pct2ResTime" : 1636.0,
    "pct3ResTime" : 1636.0,
    "throughput" : 0.8771929824561404,
    "receivedKBytesPerSec" : 0.5043431332236843,
    "sentKBytesPerSec" : 0.21908408717105265
  },
  "HTTP Request" : {
    "transaction" : "HTTP Request",
    "sampleCount" : 4,
    "errorCount" : 0,
    "errorPct" : 0.0,
    "meanResTime" : 1122.75,
    "medianResTime" : 956.5,
    "minResTime" : 942.0,
    "maxResTime" : 1636.0,
    "pct1ResTime" : 1636.0,
    "pct2ResTime" : 1636.0,
    "pct3ResTime" : 1636.0,
    "throughput" : 0.8771929824561404,
    "receivedKBytesPerSec" : 0.5043431332236843,
    "sentKBytesPerSec" : 0.21908408717105265
  }
}